modelos,sem_transformacao,yeo_johnson,quantile,standard
decisionTree,0.6906645569620253,0.689873417721519,0.689873417721519,0.6906645569620253
randomForest,0.7389240506329114,0.7381329113924051,0.7420886075949367,0.740506329113924
kNearestNeighbour,0.5656645569620253,0.6210443037974683,0.6068037974683544,0.6052215189873418
rbf_SVM,0.46598101265822783,0.5166139240506329,0.5118670886075949,0.48575949367088606
poly3_SVM,0.33069620253164556,0.35205696202531644,0.2879746835443038,0.37104430379746833
